1:1,1:2,1:3,1:4,2:2,2:3,2:4,3:3,3:4,4:4,g_1:1,g_1:2,g_1:3,g_1:4,g_2:2,g_2:3,g_2:4,g_3:3,g_3:4,g_4:4,s_1:1,s_1:2,s_1:3,s_1:4,s_2:2,s_2:3,s_2:4,s_3:3,s_3:4,s_4:4
25.974444922003,18.3881581732726,18.3378572602389,0,26.025589858989,18.3527424660025,0,26.1306277543164,0,16.8199917114247,32.8416193747853,24.352683957403,24.3274562006183,0,32.8416283064239,24.3341102713844,0,32.8416173136379,0,24.1709350738578,32.0149999999996,24.0149999999997,24.0050000000001,0,32.0149999999996,24.0050000000001,0,32.0149999999996,0,24.0050000000001
27.8296126611504,18.8416338831651,18.6176494195084,0,27.794024189703,18.5928115198982,0,27.9704658625584,0,16.8179601703502,32.8644074406017,24.3697134647828,24.3535950196823,0,32.8644034690004,24.3369839554337,0,32.8644031175313,0,24.1892732145368,32.0300000000029,24.0299999999989,24.0100000000026,0,32.0300000000029,24.0100000000026,0,32.0300000000029,0,24.0100000000026
28.4847794876646,19.0243705285456,18.7374441646658,0,28.5559894433691,18.7439443130031,0,28.7212552318452,0,16.8306523888548,32.8776958934517,24.3842806141325,24.3623309902577,0,32.8776933037367,24.3442458379578,0,32.8776917005797,0,24.2003749537551,32.045000000002,24.0449999999986,24.0149999999996,0,32.045000000002,24.0149999999996,0,32.045000000002,0,24.0149999999996
30.3303081459336,20.3753024849102,18.7190241638573,0,30.4420937719373,18.762390153957,0,31.1525498193131,0,16.7656097188869,32.9194002886654,24.4243326087713,24.3661090842696,0,32.9194012972558,24.3536952839704,0,32.9193982019267,0,24.2149281987967,32.0900000000012,24.089999999997,24.0299999999989,0,32.0900000000012,24.0299999999989,0,32.0900000000012,0,24.0299999999989
30.9215183592726,19.5664283310168,18.9758302803044,0,30.9634079307251,19.0174604450488,0,31.1946184756852,0,16.6219261664902,32.9465233339415,24.4520560470631,24.3778687978839,0,32.9465277423083,24.3654362914995,0,32.9465247932628,0,24.2328625045604,32.1199999999964,24.1199999999968,24.0400000000024,0,32.1199999999964,24.0400000000024,0,32.1199999999964,0,24.0400000000024
31.2685623319354,19.5291037581691,19.0582179232363,0,31.3536942621235,19.1666808477967,0,31.7113483654282,0,16.593079995002,32.9946763380886,24.5040761736207,24.3846599628159,0,32.9946738710715,24.366746522936,0,32.9946691515607,0,24.2484752225677,32.1799999999946,24.1799999999951,24.0599999999981,0,32.1799999999946,24.0599999999981,0,32.1799999999946,0,24.0599999999981
28.3109038680343,18.8579434090244,18.7208812235708,0,28.3523141443912,18.7400660754328,0,28.4806487982433,0,16.8228290537983,33.0071628051517,24.5156559856358,24.3870691619766,0,33.0071618728634,24.368849590829,0,33.0071551396705,0,24.2533431856635,32.1950000000055,24.1950000000049,24.0650000000019,0,32.1950000000055,24.0650000000019,0,32.1950000000055,0,24.0650000000019
29.3514523829359,19.4217099750736,18.7936711422198,0,29.4331954752408,18.8179844933975,0,29.6198290944311,0,16.8364499851562,33.0200895152548,24.5310603995664,24.3928553507821,0,33.0200885860307,24.3734205513397,0,33.020082081462,0,24.2618318878737,32.2100000000022,24.2100000000019,24.0700000000024,0,32.2100000000022,24.0700000000024,0,32.2100000000022,0,24.0700000000024
35.4614174987005,19.7659217350153,19.7593155022303,0,35.4196256337054,19.7735746122923,0,35.6528433684352,0,16.2429680238603,33.0408541683712,24.5343611633805,24.3877676920559,0,33.0408550683139,24.3970007772232,0,33.0408526139246,0,24.2654619569663,32.2250000000024,24.2250000000013,24.0749999999982,0,32.2250000000024,24.0749999999982,0,32.2250000000024,0,24.0749999999982
31.3871586847583,19.8170301524189,19.0119464591774,0,31.4519149794481,19.0690848865783,0,31.9157853093687,0,16.614217438851,33.0565059019891,24.5517159990364,24.3892846548282,0,33.056507450616,24.4020202870122,0,33.0565044221901,0,24.2720983722211,32.2399999999956,24.2399999999972,24.0799999999952,0,32.2399999999956,24.0799999999952,0,32.2399999999956,0,24.0799999999952
29.0626155499645,19.2133893244668,18.7588534617455,0,29.1941720831654,18.8304480567287,0,29.2807604166595,0,16.8244667815291,33.0899410232789,24.5930704921517,24.3866782588669,0,33.0899439641427,24.3955478687595,0,33.0899464798213,0,24.2800576657336,32.2849999999991,24.285000000003,24.0950000000011,0,32.2849999999991,24.0950000000011,0,32.2849999999991,0,24.0950000000011
27.3753428150461,19.2479194419546,18.4255001430284,0,27.4305081700326,18.4418419784754,0,27.8821593680762,0,16.8561223117347,33.171892984358,24.6719649217903,24.4258344432399,0,33.1718947653708,24.4298115998141,0,33.1718914356512,0,24.3253423416447,32.375,24.375,24.125,0,32.375,24.125,0,32.375,0,24.125
29.9395976322081,19.4912553153803,18.9142329104154,0,29.9606102090594,18.9098178548807,0,30.2100505094731,0,16.8069084719525,33.115118444056,24.6242896894772,24.4261776348652,0,33.1151137404262,24.4191987803862,0,33.1151278929404,0,24.3141391317017,32.2999999999953,24.2999999999976,24.1000000000035,0,32.2999999999953,24.1000000000035,0,32.2999999999953,0,24.1000000000035
31.5030073467796,20.9849441165777,18.8429686820521,0,31.5098302101035,18.8054223992754,0,32.1998301721567,0,16.8745580703708,33.9112103,25.4068123,24.6480199,0,33.9112071,24.6562899,0,33.9112095,0,24.6140537,33.125,25.125,24.375,0,33.125,24.375,0,33.125,0,24.375
27.7544594237555,19.1464104049796,18.5279441827907,0,27.7829961249891,18.5475909665305,0,28.0456085247498,0,16.8499599466545,34.2648918000001,25.7664060000001,24.7506096000001,0,34.2648920000001,24.7498546000001,0,34.2648918000001,0,24.7266970000001,33.5,25.5,24.5,0,33.5,24.5,0,33.5,0,24.5
27.2892783307565,19.822120512489,18.2411693511496,0,27.3774599879332,18.2869128231798,0,27.9751179998793,0,16.8729648643127,34.6310179807907,26.1430213312486,24.8831618271164,0,34.6310163055618,24.8803614027251,0,34.6310189859281,0,24.868205494751,33.875,25.875,24.625,0,33.875,24.625,0,33.875,0,24.625
30.1335949986436,19.3791684222377,18.928109923478,0,30.2092201722685,18.9615828350938,0,30.5278807475241,0,16.6913192831372,35.0041400077633,26.5030821414709,25.0022105640321,0,35.0041403959273,25.0000389358335,0,35.0041429339226,0,24.9918756083724,34.25,26.25,24.75,0,34.25,24.75,0,34.25,0,24.75
28.5644281032552,19.2533371106723,18.6643804768159,0,28.6463184129212,18.6869332369135,0,28.8354050130904,0,16.8325078419308,35.8768039246518,25.3768398691782,25.342540457247,0,35.8768014717445,25.3462236233844,0,35.8768048366302,0,25.1875395452686,35.0449999999992,25.0450000000054,25.0150000000068,0,35.0449999999992,25.0150000000068,0,35.0449999999992,0,25.0150000000068
37.5723719074303,20.018007792688,20.0143037344111,0,37.5447737127078,19.9884787760248,0,37.6369849666561,0,16.0338269466038,35.8936602627257,25.391276683087,25.3489184455392,0,35.8936597701149,25.3512845101259,0,35.8936637110017,0,25.1959169129721,35.0599999999981,25.0599999999983,25.0199999999997,0,35.0599999999981,25.0199999999997,0,35.0599999999981,0,25.0199999999997
31.9523431756015,19.7891292120289,18.9408973717954,0,32.12797140207,18.9919792301069,0,32.4617485485916,0,16.3169060267014,35.9262274035696,25.428110501541,25.3652486369332,0,35.9262259473739,25.3678916319551,0,35.9262312980463,0,25.2195351010872,35.0900000000039,25.089999999997,25.0299999999989,0,35.0900000000039,25.0299999999989,0,35.0900000000039,0,25.0299999999989
27.6489282299971,18.8979918762046,18.5688595334739,0,27.6242777581168,18.5590753247786,0,27.8440896482744,0,16.8292281732076,35.9401802647204,25.440489732673,25.3705469053204,0,35.9401788165783,25.3710695977061,0,35.9401861731399,0,25.2261134764098,35.1049999999964,25.1050000000024,25.0350000000005,0,35.1049999999964,25.0350000000005,0,35.1049999999964,0,25.0350000000005
29.1992297175606,18.8941291143127,18.8938110308757,0,29.2797187851691,18.9469147182921,0,29.28901274329,0,16.811002051788,35.9541453686696,25.4511919443715,25.3729471267384,0,35.9541435974809,25.3734436499607,0,35.9541529782209,0,25.2298586329048,35.1199999999975,25.1199999999983,25.0399999999973,0,35.1199999999975,25.0399999999973,0,35.1199999999975,0,25.0399999999973
27.8014513853404,18.6718431011852,18.7143984790109,0,27.8850292222685,18.7215422990746,0,28.0311191823866,0,16.8413171190903,35.9691677000001,25.4662699,25.3674947,0,35.9691661,25.3798415,0,35.9691583,0,25.2334441,35.149999999998,25.1499999999995,25.0500000000016,0,35.149999999998,25.0500000000016,0,35.149999999998,0,25.0500000000016
35.6977123965762,20.6145504314543,19.6432853968499,0,35.9712055390696,19.7786524348302,0,36.4947069516871,0,16.3884755961994,35.986208114822,25.4849115834023,25.3846081516239,0,35.9862041586162,25.3753987487349,0,35.9862061827215,0,25.2455623332413,35.1649999999973,25.1649999999987,25.0549999999982,0,35.1649999999973,25.0549999999982,0,35.1649999999973,0,25.0549999999982
37.925821876864,20.2475078496668,20.1300747203789,0,37.9970983394049,20.1471346846326,0,37.8954180596313,0,16.212227579346,35.9842304783824,25.487347279303,25.3745119184613,0,35.9842342594115,25.3723899391748,0,35.9842269439422,0,25.2424293111951,35.1799999999963,25.1799999999977,25.0599999999986,0,35.1799999999963,25.0599999999986,0,35.1799999999963,0,25.0599999999986
32.5704507074024,19.5773218775686,19.2085710324237,0,32.6770967195471,19.1836715238334,0,32.7935970460952,0,16.3538796332514,35.9974847961407,25.5018815904139,25.375636616869,0,35.9974918300654,25.3683292717086,0,35.9974923902895,0,25.2442540149393,35.1950000000057,25.1950000000052,25.065000000002,0,35.1950000000057,25.065000000002,0,35.1950000000057,0,25.065000000002
30.3436886652449,19.4422561418609,18.8434283959923,0,30.4595320734856,18.9024938621084,0,30.7927185754464,0,16.5584517849338,36.0245626000001,25.5312749999999,25.3886302,0,36.0245678000001,25.3768164000001,0,36.0245684,0,25.2602398,35.2249999999889,25.2249999999938,25.0750000000073,0,35.2249999999889,25.0750000000073,0,35.2249999999889,0,25.0750000000073
34.3915687746876,19.6345613991385,19.588103349369,0,34.5602315821119,19.7021337099095,0,34.6459719475767,0,16.2890505445604,36.0417545461581,25.5475866284919,25.3944543062757,0,36.0417602723826,25.3838867909928,0,36.0417598080941,0,25.2687502127989,35.2400000000007,25.2400000000017,25.0800000000015,0,35.2400000000007,25.0800000000015,0,35.2400000000007,0,25.0800000000015
29.33393081911,19.3535852183963,18.7996417493084,0,29.4009529409026,18.8208139365823,0,29.7833654585681,0,16.8045379434411,36.056108688904,25.5622029433344,25.3995781832034,0,36.056114022463,25.3859669121797,0,36.0561125832488,0,25.2746978637544,35.2550000000037,25.2550000000034,25.0850000000001,0,35.2550000000037,25.0850000000001,0,35.2550000000037,0,25.0850000000001
27.675765440877,18.9113323948625,18.6059403583036,0,27.5821379430719,18.5543475557368,0,27.8833219019869,0,16.8378171861214,36.0719218831508,25.5742096012289,25.4012677360459,0,36.0719282008926,25.3878199008868,0,36.0719304034081,0,25.2777762273228,35.2700000000036,25.2699999999977,25.0899999999996,0,35.2700000000036,25.0899999999996,0,35.2700000000036,0,25.0899999999996
27.6641421495678,18.8248156514502,18.5556916344282,0,27.682399328491,18.584833560861,0,27.7653256576628,0,16.8225446853721,36.0840824344227,25.5890015523623,25.4048011383991,0,36.0840874099432,25.3925162998049,0,36.084091270947,0,25.2852610357043,35.2849999999998,25.2850000000029,25.0950000000011,0,35.2849999999998,25.0950000000011,0,35.2849999999998,0,25.0950000000011
28.2833443170468,19.1598245968166,18.601678534762,0,28.372523223832,18.6381912890261,0,28.5588886779264,0,16.8301058430788,36.1280284880348,27.6267003550335,25.3685529478032,0,36.1280278052778,25.370148380159,0,36.1280231625303,0,25.3671411087973,35.375,27.375,25.125,0,35.375,25.125,0,35.375,0,25.125
31.8008642112753,20.3468185523989,19.0652785620794,0,31.9071967225779,19.1044150974663,0,32.4530661637935,0,16.8031743811158,36.100825094881,25.609665972415,25.4130136536147,0,36.1008270387855,25.4011388040359,0,36.1008348144034,0,25.2976230213829,35.300000000002,25.3000000000017,25.1000000000009,0,35.300000000002,25.1000000000009,0,35.300000000002,0,25.1000000000009
27.4076704936015,18.6219398721907,18.5631838769074,0,27.3956059984506,18.5714416743406,0,27.4125042702304,0,16.8132077452193,36.5143186119874,28.0084903109508,25.5081956587051,0,36.5143195132943,25.5076404536578,0,36.5143281508188,0,25.5067229983476,35.75,27.75,25.25,0,35.75,25.25,0,35.75,0,25.25
27.1936426408367,18.8489601037893,18.4702712214396,0,27.1654168093704,18.4707546718154,0,27.5731104365219,0,16.825563274848,36.8907874274078,26.3837970058074,25.632480541519,0,36.8907902179651,25.6340823968625,0,36.8907964024436,0,25.5969280865827,36.125,26.125,25.375,0,36.125,25.375,0,36.125,0,25.375
29.5759541607573,19.3500899218685,18.8696691222809,0,29.7341638365651,18.911496534904,0,30.0016213327887,0,16.7973953212598,37.2641011779646,26.7572915352951,25.7658785032405,0,37.2640978936766,25.7626802198283,0,37.2641054694341,0,25.7420507313014,36.5,26.5,25.5,0,36.5,25.5,0,36.5,0,25.5
29.0455167587643,19.458656355137,18.7465959410214,0,29.029771433247,18.7505399602902,0,29.4446288041822,0,16.8492884763143,37.2429182052906,28.7357888147318,25.7535721732352,0,37.2429186437375,25.7532729575681,0,37.2429108491255,0,25.7530635260876,36.5,28.5,25.5,0,36.5,25.5,0,36.5,0,25.5
28.5189997106048,19.0527177301584,18.7227313051827,0,28.5398363121218,18.7131806667879,0,28.7035074266921,0,16.8184185752285,37.633697688652,27.1223845166092,25.888505484351,0,37.633697064612,25.8840217333909,0,37.6336942084294,0,25.8724607694892,36.875,26.875,25.625,0,36.875,25.625,0,36.875,0,25.625
26.9668653633102,18.7905032420796,18.4518527100385,0,26.9655219578613,18.4479152232363,0,27.2574569424441,0,16.8365068457411,37.6372510926902,29.1400658628486,25.8786762622457,0,37.6372513187641,25.8784583270535,0,37.6372395629239,0,25.8781865862848,36.875,28.875,25.625,0,36.875,25.625,0,36.875,0,25.625
27.8739555130747,18.7232559063689,18.6758297241976,0,27.893569978233,18.6771469925543,0,27.9980678905205,0,16.8267963018555,38.0133984,27.5175666,26.0253838,0,38.0133984,26.0245618000001,0,38.0133938,0,26.0170948,37.25,27.25,25.75,0,37.25,25.75,0,37.25,0,25.75
43.0018005074921,20.5618721738602,20.5365694981271,0,43.1701474343598,20.6320248171146,0,43.3686104305576,0,15.1267880591239,38.0107497867721,29.5081434442118,26.0081431340621,0,38.0107497867721,26.00836039389,0,38.0107430410172,0,26.0081184771652,37.25,29.25,25.75,0,37.25,25.75,0,37.25,0,25.75
27.7327226241254,19.3082489344392,18.4883184847406,0,27.7650613987672,18.5149354904092,0,28.2571577585619,0,16.8587390300595,38.3757894611915,29.8859252314266,26.1270667576548,0,38.3757894611915,26.1270404106337,0,38.3758061951103,0,26.1270404106337,37.625,29.625,25.875,0,37.625,25.875,0,37.625,0,25.875
34.3094924221987,20.0424243875783,19.461945892327,0,34.3269908462702,19.4939434830942,0,34.4887969587647,0,16.3949933499429,38.8371124191064,26.3448307550077,26.3357531895223,0,38.8371062557782,26.3480314637904,0,38.8371073651773,0,26.1801330970724,38.0150000000094,26.0150000000072,26.0050000000033,0,38.0150000000094,26.0050000000033,0,38.0150000000094,0,26.0050000000033
33.1380711622575,19.5649198359532,19.1011354803342,0,33.3708072619495,19.2145746786906,0,33.5807593819307,0,16.1050948584434,38.8712559637738,26.3696873628682,26.3476260678773,0,38.8712527893188,26.342815461463,0,38.8712547966947,0,26.1874696326035,38.0450000000049,26.0450000000027,26.0150000000037,0,38.0450000000049,26.0150000000037,0,38.0450000000049,0,26.0150000000037
28.3493467846077,18.7776601086424,18.7737625050986,0,28.3730877403051,18.7849277524869,0,28.5051721124229,0,16.8196240429608,38.8879426991151,26.3856364412137,26.3413124209862,0,38.8879464917826,26.3373265170671,0,38.8879397281922,0,26.1846668457649,38.0599999999981,26.0599999999984,26.0200000000008,0,38.0599999999981,26.0200000000008,0,38.0599999999981,0,26.0200000000008
30.4483547585618,19.7494608152543,18.9332738035991,0,30.4790209986672,18.9413212169272,0,31.081911400621,0,16.8014483410681,38.9006554922669,26.3937330604011,26.3553537241406,0,38.9006544242712,26.3453865946758,0,38.9006578655908,0,26.1960722874886,38.075000000006,26.0750000000035,26.0249999999962,0,38.075000000006,26.0249999999962,0,38.075000000006,0,26.0249999999962
35.4439365926614,19.635193729923,19.8526570775981,0,35.0639415465622,19.5341921088164,0,35.444301974603,0,16.1882495320685,38.9051899260629,26.4031984288355,26.3357113678373,0,38.9051948243993,26.3495549907578,0,38.9051825323476,0,26.1945256007393,38.0899999999974,26.0899999999978,26.0299999999991,0,38.0899999999974,26.0299999999991,0,38.0899999999974,0,26.0299999999991
37.9996734188913,20.2122599441265,20.1822327475306,0,38.0799995372569,20.2384571728127,0,38.3156521336306,0,16.1474616930621,38.9370847195538,26.4377244740172,26.3695803383159,0,38.9370865470221,26.3708959748841,0,38.9370859847242,0,26.225317651469,38.1050000000038,26.1050000000021,26.0350000000028,0,38.1050000000038,26.0350000000028,0,38.1050000000038,0,26.0350000000028
34.7508847348835,20.3230402990154,19.605662652635,0,34.6315296868665,19.4444473156734,0,35.2154103502362,0,16.4051398925586,38.9447596,26.4410464,26.3593886,0,38.9447630000001,26.3686796,0,38.9447576000001,0,26.2187558,38.1199999999973,26.1199999999983,26.0399999999972,0,38.1199999999973,26.0399999999972,0,38.1199999999973,0,26.0399999999972
28.1474283070401,19.6241775279599,18.4995590510908,0,28.2516070578522,18.5406924930612,0,28.6908607701656,0,16.8696435013488,38.9873147046762,26.4810219783976,26.3818640278917,0,38.987314602133,26.3795075540061,0,38.9873167213564,0,26.2439210418376,38.1649999999957,26.1650000000025,26.0549999999949,0,38.1649999999957,26.0549999999949,0,38.1649999999957,0,26.0549999999949
30.6146011626004,19.306307751406,19.0328885131894,0,30.7515750244068,19.1253614936655,0,30.8837429844326,0,16.7188481883798,39.0009416758404,26.4969186425608,26.3856550724024,0,39.0009415064781,26.3819690702006,0,39.0009422262681,0,26.2512180751969,38.1799999999946,26.1799999999953,26.0599999999981,0,38.1799999999946,26.0599999999981,0,38.1799999999946,0,26.0599999999981
29.1620555131091,20.1446937466811,18.5979631528854,0,29.1842983111965,18.6189386724041,0,29.9876905067258,0,16.8847332545171,39.0130902920082,26.5209833504099,26.3806853227459,0,39.0130870901639,26.377615522541,0,39.0130856173155,0,26.2540478995902,38.1950000000046,26.1950000000035,26.0650000000016,0,38.1950000000046,26.0650000000016,0,38.1950000000046,0,26.0650000000016
29.9440251459232,19.1256776709181,18.9529428738232,0,30.0723737806076,19.053284405109,0,30.0836231381817,0,16.775050839668,39.0382792760181,26.5291876018099,26.3912752036199,0,39.0382794570136,26.390758280543,0,39.0382839819005,0,26.2630602714932,38.2250000000026,26.2250000000012,26.0749999999983,0,38.2250000000026,26.0749999999983,0,38.2250000000026,0,26.0749999999983
31.9931853612187,19.7891490379202,19.1060496306085,0,32.0874870235635,19.1404074825993,0,32.2435213683839,0,16.5472583832828,39.0553206006212,26.5470781828236,26.4001019184143,0,39.0553243864053,26.3917384831342,0,39.0553160066358,0,26.2705666340551,38.2399999999958,26.2399999999981,26.0799999999964,0,38.2399999999958,26.0799999999964,0,38.2399999999958,0,26.0799999999964
29.2700327247708,20.0177285444999,18.6084827431749,0,29.4651560941954,18.684343925153,0,29.9499503113333,0,16.8504335604326,39.083517113492,26.5825671934843,26.4075973966162,0,39.0835235128715,26.4060617879479,0,39.0835163378096,0,26.2905468803026,38.2699999999956,26.2699999999981,26.0899999999972,0,38.2699999999956,26.0899999999972,0,38.2699999999956,0,26.0899999999972
33.0786737681742,19.8590497244199,19.2987642083039,0,33.1626548768178,19.3743047303328,0,33.3878672711958,0,16.4914620201045,39.5035461999998,28.9960444000001,26.5000016,0,39.5035467999998,26.5000582,0,39.5035355999999,0,26.4985962,38.75,28.75,26.25,0,38.75,26.25,0,38.75,0,26.25
29.359900608289,19.5715359215829,18.818627548458,0,29.3159296355739,18.7978322579541,0,29.8474939390311,0,16.8601388156089,39.5402898370695,27.039925265773,26.5341188756645,0,39.5402915125953,26.530118760111,0,39.5402934770047,0,26.4700350415993,38.75,26.75,26.25,0,38.75,26.25,0,38.75,0,26.25
36.6546600132852,19.9473846526659,20.0198426329671,0,36.7202399559107,19.9930323408211,0,36.8319834781835,0,16.2344066460023,38.7512358335293,28.2554603809076,26.2443593933694,0,38.7512352457089,26.2427069127675,0,38.7512371267341,0,26.2408334117094,38,28,26,0,38,26,0,38,0,26
31.0939434564176,19.2824313028957,19.2224965871654,0,31.1259294109077,19.1438187275513,0,31.2344777628949,0,16.7216301745909,38.7231440894999,30.2167034640787,26.2190315406389,0,38.7231440894999,26.2186684189244,0,38.7231521768433,0,26.2186684189244,38,30,26,0,38,26,0,38,0,26
27.922531186847,18.7258063905731,18.6693272268648,0,28.0193313681745,18.7401900830812,0,28.0730333598404,0,16.8281577814555,39.8871749602702,29.3925819924514,26.6230963945173,0,39.8871757548669,26.6229170143028,0,39.8871765494637,0,26.6221555919746,39.125,29.125,26.375,0,39.125,26.375,0,39.125,0,26.375
32.8562772520068,19.4564714307858,19.3311067592978,0,32.843761134224,19.2785638446775,0,32.8888906947528,0,16.3865713922897,39.9029885423652,27.4081010507488,26.6439112452493,0,39.9029916722557,26.6436807511737,0,39.9030001117818,0,26.6071581712497,39.125,27.125,26.375,0,39.125,26.375,0,39.125,0,26.375
30.100465855208,19.5446454535793,18.9407815311014,0,30.1670340421291,18.9879116075564,0,30.4895232063709,0,16.8189823653379,40.2704872312116,27.7721054551697,26.7579669084511,0,40.2704889909437,26.7577735525131,0,40.270493798017,0,26.7346395553458,39.5,27.5,26.5,0,39.5,26.5,0,39.5,0,26.5
27.9317609587781,18.8126943630574,18.6602046099192,0,27.8932026736417,18.6477024731954,0,28.0957544115666,0,16.8296041217731,41.0000481040059,30.498375430315,27.0050650297308,0,41.0000479475277,27.0048558183809,0,41.0000368114959,0,27.0048558183809,40.25,30.25,26.75,0,40.25,26.75,0,40.25,0,26.75
38.4257062527052,20.2578898324122,20.1383888817564,0,38.6043326622472,20.3623802504889,0,38.804893666352,0,16.0899000031389,41.0087398606347,28.5123208394578,26.9985074037781,0,41.0087405139092,26.9955969568295,0,41.0087471010941,0,26.9887332190103,40.25,28.25,26.75,0,40.25,26.75,0,40.25,0,26.75
32.2269786965836,19.3595655672615,19.270515844645,0,32.2545940274162,19.2835227590305,0,32.3109877264552,0,16.4860120336144,41.3750755302995,30.8735962591449,27.130416578475,0,41.3750753462476,27.1304163944231,0,41.3750642111074,0,27.1304163944231,40.625,30.625,26.875,0,40.625,26.875,0,40.625,0,26.875
28.5060270271037,18.8423962342822,18.7477898988215,0,28.5603295025744,18.7837795211216,0,28.5486525512751,0,16.8088842743911,41.3733662000001,28.8688092,27.1220002,0,41.3733652000001,27.1199998,0,41.3733686000001,0,27.1161024,40.625,28.625,26.875,0,40.625,26.875,0,40.625,0,26.875
27.7693719455065,19.210698823062,18.4647548215035,0,27.8585839261017,18.5252044806639,0,28.1957144620481,0,16.8382560085755,41.8439922999999,27.3380673,27.3323537000001,0,41.8439935,27.3274277,0,41.8439930999999,0,27.1657351,41.0150000000047,27.0149999999999,27.0050000000018,0,41.0150000000047,27.0050000000018,0,41.0150000000047,0,27.0050000000018
37.2432251675473,20.8076258020862,19.9143367721037,0,37.5263435223861,20.0173070816294,0,37.7549226348456,0,16.3645064001284,41.8634792041686,27.3643321648507,27.3524555187115,0,41.863479583136,27.3466361913785,0,41.8634710563714,0,27.1887874940786,41.029999999999,27.0299999999991,27.0099999999988,0,41.029999999999,27.0099999999988,0,41.029999999999,0,27.0099999999988
36.1303215786975,19.5738167975952,19.7233105598878,0,35.9212875100846,19.5193247561294,0,36.0971786208144,0,15.7938050037072,41.8841211,27.3917519,27.3628575,0,41.8841229,27.3554597,0,41.8841203,0,27.2062385,41.0450000000037,27.0449999999989,27.0149999999999,0,41.0450000000037,27.0149999999999,0,41.0450000000037,0,27.0149999999999
29.7801158636913,19.9277058868711,18.7032637060588,0,29.9692539377076,18.7881791210651,0,30.3507161915608,0,16.8141077150741,41.8921365928659,27.3870347478475,27.3346431119311,0,41.89214200492,27.3387534440345,0,41.8921481549816,0,27.1812367158672,41.0599999999985,27.059999999999,27.0199999999992,0,41.0599999999985,27.0199999999992,0,41.0599999999985,0,27.0199999999992
27.1047457690864,18.6252050419773,18.5226665726628,0,27.1332524368505,18.5398931773993,0,27.2815625337345,0,16.8206623040459,41.9062024894421,27.4107593909758,27.3576679262058,0,41.9061900422316,27.3629106468104,0,41.9061957101578,0,27.2110816848188,41.074999999998,27.0749999999985,27.0249999999997,0,41.074999999998,27.0249999999997,0,41.074999999998,0,27.0249999999997
28.0446148066094,19.1860030054818,18.6101971512924,0,28.0663200237066,18.6324230746783,0,28.4578456626554,0,16.8507877722379,41.9228126361047,27.4176117873695,27.3428822100619,0,41.9228130269697,27.3570749623095,0,41.9228137528617,0,27.1984648221565,41.089999999997,27.0899999999972,27.029999999999,0,41.089999999997,27.029999999999,0,41.089999999997,0,27.029999999999
29.034605375322,19.5371500502026,18.7255121227281,0,28.9258656400483,18.6403641251134,0,29.5609471658768,0,16.8362808693598,41.9522455238727,27.4397388925729,27.358113229443,0,41.9522475132626,27.3667100464191,0,41.9522558023873,0,27.2121012931035,41.1050000000004,27.1049999999996,27.0349999999999,0,41.1050000000004,27.0349999999999,0,41.1050000000004,0,27.0349999999999
33.9369463959924,20.0290016771384,19.4915103566446,0,33.9595841984643,19.5060180626203,0,34.2528701918246,0,16.5067005262171,41.942521251832,27.450776101388,27.3672536856626,0,41.9425220277609,27.3599394344341,0,41.9425250883696,0,27.2254106819554,41.1199999999965,27.1199999999972,27.0400000000013,0,41.1199999999965,27.0400000000013,0,41.1199999999965,0,27.0400000000013
31.2174806838908,19.1532564636627,19.1759063993496,0,31.3312026487999,19.2461418106821,0,31.508301349718,0,16.5646766571063,42.1335118776315,29.6368104214145,27.3908182625826,0,42.1335129591719,27.3892238016146,0,42.1335117231257,0,27.387933137626,41.375,29.375,27.125,0,41.375,27.125,0,41.375,0,27.125
29.1836045001415,19.0084804150548,18.7921534417248,0,29.4835573291483,18.9433700136793,0,29.4155025751443,0,16.7721455658136,41.7452203937556,29.2469932882569,27.2395778562196,0,41.7452207914885,27.2404293029731,0,41.7452213880879,0,27.2370243114249,41,29,27,0,41,27,0,41,0,27
33.3342024508313,19.7020624036698,19.0528394955429,0,33.5357739376862,19.2246363015556,0,33.6951749991231,0,16.0764843287458,42.8741809733617,30.380327635977,27.6229468499949,0,42.8741816317229,27.6230230173199,0,42.874191608427,0,27.6226388888889,42.125,30.125,27.375,0,42.125,27.375,0,42.125,0,27.375
30.6198321321037,19.2676102952921,19.0344098054114,0,30.7038302030376,19.0793510439736,0,30.8232663324734,0,16.6671571219756,43.3706840220833,27.8657695132937,27.8463277355571,0,43.3707044189324,27.8471893927144,0,43.3706891732694,0,27.6833476704164,42.5300000000155,27.5300000000088,27.5100000000055,0,42.5300000000155,27.5100000000055,0,42.5300000000155,0,27.5100000000055
45.1419123202536,21.2549507979017,21.0674851070462,0,45.7075680630726,21.2397478430514,0,45.2245038198118,0,15.5522445150214,43.3715085779642,27.8587291269539,27.8505142966069,0,43.3715148684713,27.844461494472,0,43.3715114372856,0,27.68410026687,42.5449999999987,27.5449999999989,27.5149999999995,0,42.5449999999987,27.5149999999995,0,42.5449999999987,0,27.5149999999995
32.9953896020091,20.1787743072616,19.0526917897289,0,33.2145178481827,19.2259609055852,0,33.5676047660524,0,16.3779975972183,43.4068594562937,27.9001926534283,27.8663144697777,0,43.4068611451609,27.8757266895481,0,43.4068614992782,0,27.7122276838006,42.5599999999979,27.559999999998,27.5200000000006,0,42.5599999999979,27.5200000000006,0,42.5599999999979,0,27.5200000000006
30.3090762413434,19.3393748022057,18.9383258143556,0,30.3983977353171,18.9840436948849,0,30.6980649064113,0,16.6615719597365,43.423748405156,27.9161370481274,27.8732711452503,0,43.4237502929308,27.882930694788,0,43.423752028816,0,27.7220232391616,42.5749999999973,27.5750000000074,27.5250000000063,0,42.5749999999973,27.5250000000063,0,42.5749999999973,0,27.5250000000063
27.5745985424839,18.8100153073348,18.5575736105093,0,27.5134378091782,18.544434434759,0,27.744807087318,0,16.8182545377856,43.4318776978416,27.9305956834532,27.8395908590774,0,43.4318802793059,27.8486213288193,0,43.4318741430385,0,27.7032111299196,42.6199999999965,27.6199999999971,27.5400000000015,0,42.6199999999965,27.5400000000015,0,42.6199999999965,0,27.5400000000015
28.1908509838154,19.0842026483402,18.6541666629286,0,28.2608770182005,18.6803101446025,0,28.5011743069764,0,16.839510946885,43.4457261768902,27.9505926818831,27.8735843223965,0,43.4457299714692,27.8569859486449,0,43.445727660485,0,27.726486633381,42.6350000000063,27.6350000000046,27.5450000000016,0,42.6350000000063,27.5450000000016,0,42.6350000000063,0,27.5450000000016
48.5572129095038,21.6186173705323,21.1349632609417,0,48.7889854553662,21.1012411954781,0,49.2559515585076,0,14.5329727588702,43.4745082000001,27.9785058,27.8775076,0,43.4745082,27.8626803999999,0,43.4744946,0,27.7391597999999,42.664999999998,27.6649999999987,27.5549999999982,0,42.664999999998,27.5549999999982,0,42.664999999998,0,27.5549999999982
28.9064113739414,19.6016904556646,18.661796243128,0,28.9289384348717,18.6876188442312,0,29.3352906576034,0,16.8457963225148,43.5505425210863,28.0343995202353,27.8992649539581,0,43.5505339317495,27.8837017720344,0,43.5505390389228,0,27.7661684593361,42.7399999999989,27.740000000002,27.5800000000015,0,42.7399999999989,27.5800000000015,0,42.7399999999989,0,27.5800000000015
33.537900029608,20.1555082616531,19.1430273525532,0,33.6446225529714,19.2343617144962,0,33.9687693652794,0,16.2733393559312,43.5630599276629,28.0620609753055,27.9013016587677,0,43.5630485781992,27.8959205911698,0,43.5630558867549,0,27.7795505737091,42.755000000004,27.7550000000036,27.5850000000042,0,42.755000000004,27.5850000000042,0,42.755000000004,0,27.5850000000042
28.1380772486771,18.9089961433787,18.6691653224691,0,28.1530387803367,18.662015313718,0,28.1978752626071,0,16.8267226644641,43.6724598914598,28.1828098118099,27.9233039663041,0,43.6724548694548,27.9281396711397,0,43.6724632394632,0,27.8277093177094,42.875,27.875,27.625,0,42.875,27.625,0,42.875,0,27.625
27.026350531666,19.521847865281,18.2772492323837,0,27.0435978051472,18.2836738117741,0,27.6422687036425,0,16.8570002737205,43.9995150497055,31.4930428479381,28.0036730025773,0,43.999515417894,28.0037892581001,0,43.9995108155376,0,28.0034768501473,43.25,31.25,27.75,0,43.25,27.75,0,43.25,0,27.75
35.8612542594539,19.8410051701447,19.7832971293446,0,35.9938777668247,19.8175139164343,0,35.9386203262433,0,16.2052054522813,44.3818531886024,31.8891996381728,28.1341033921302,0,44.3818533695161,28.1341431931253,0,44.3818565355043,0,28.1341033921302,43.625,31.625,27.875,0,43.625,27.875,0,43.625,0,27.875
31.8013059465759,19.7641670269094,19.0708893701347,0,31.8182197588367,19.1276328726051,0,32.070353703795,0,16.568199541615,44.3999559836648,28.9096519353694,28.1514145774148,0,44.3999528586648,28.1441806640626,0,44.3999551669035,0,28.1133265802557,43.625,28.625,27.875,0,43.625,27.875,0,43.625,0,27.875
29.9809183870793,20.0023823167062,18.8010836497056,0,30.1777417813024,18.870900720255,0,30.7476053228353,0,16.8300467244787,44.7494205381658,32.2534885227897,28.2544070840198,0,44.7494205381658,28.2543425041186,0,44.7494120263591,0,28.2543425041186,44,32,28,0,44,28,0,44,0,28
43.4703124691465,21.0019716263763,20.8909308898212,0,44.0363233902125,21.1311549907634,0,43.7329176262272,0,15.8102425256835,44.7589282103135,29.2605220280225,28.2597161635129,0,44.7589293658819,28.2618218980211,0,44.758938465983,0,28.2398792431027,44,29,28,0,44,28,0,44,0,28
31.3458669614557,19.3586449173798,19.1625878342009,0,31.6123530303233,19.2975843355771,0,31.5433134256772,0,16.7257171511757,45.8734238047181,30.3776775577141,28.6142048694336,0,45.8734236785669,28.6148501955343,0,45.8734275892519,0,28.6107281443169,45.125,30.125,28.375,0,45.125,28.375,0,45.125,0,28.375
33.7884177280781,20.4846498636727,19.3228599666937,0,33.9067746503031,19.3621747435582,0,34.454718677256,0,16.5166874302194,46.2502835,30.7515876999999,28.7495151,0,46.2502829,28.7497735,0,46.2502883,0,28.7471243,45.5,30.5,28.5,0,45.5,28.5,0,45.5,0,28.5
28.6410938428287,19.5520542273567,18.5751284628918,0,28.7658810734004,18.623314540892,0,29.2108082884166,0,16.807941481407,46.6467606690213,31.1524882401829,28.8786815084147,0,46.6467610014543,28.8791227301059,0,46.6467488676499,0,28.8771091834614,45.875,30.875,28.625,0,45.875,28.625,0,45.875,0,28.625
32.4314534322856,19.6455178451617,19.2423426095333,0,32.584058131021,19.3748157379535,0,32.6902887633811,0,16.590491709413,47.3883321089948,31.8870697303608,29.1321884912161,0,47.3883321089948,29.1325618860511,0,47.3883193815667,0,29.1315379687367,46.625,31.625,28.875,0,46.625,28.875,0,46.625,0,28.875
28.152070410206,18.8410654552779,18.6952527844938,0,28.0773210102919,18.673132500445,0,28.2437620695893,0,16.8257636018575,48.1225310528422,32.6225822330963,29.3725504108577,0,48.1225308066353,29.3724346320746,0,48.1225186193949,0,29.3722982334657,47.375,32.375,29.125,0,47.375,29.125,0,47.375,0,29.125
36.9722110097263,20.1944702426411,19.9648338642,0,37.143273876068,20.0156413320938,0,37.1144686985813,0,16.2708833842137,47.766593383053,32.2694589812758,29.2605420501428,0,47.766593383053,29.260458822596,0,47.7665865598223,0,29.2602031894637,47,32,29,0,47,29,0,47,0,29
40.4732959843057,20.5216259189288,20.5737762997755,0,40.6279631768669,20.6345747817608,0,41.026655801893,0,15.9927874226636,48.8684165367831,33.3650077150873,29.623962515586,0,48.8684165367831,29.6239190305486,0,48.868412484414,0,29.6239190305486,48.125,33.125,29.375,0,48.125,29.375,0,48.125,0,29.375
37.1936146436339,20.3144118345675,19.6079957630182,0,37.3242813725452,19.6023934505232,0,37.6891941528,0,15.6908320511587,49.2458481915632,33.7459927122696,29.7422749672245,0,49.2458481915632,29.7422534510681,0,49.2458490398704,0,29.7422534510681,48.5,33.5,29.5,0,48.5,29.5,0,48.5,0,29.5
27.9379853282741,18.8794855055924,18.6312645762248,0,27.9513790175636,18.6302994947776,0,28.0768830499145,0,16.8184167869665,50.8529159445408,30.3512019440886,30.3462991861954,0,50.8529191470124,30.3339026825408,0,50.8529185818704,0,30.1778449627005,50.0300000000108,30.0299999999993,30.0100000000036,0,50.0300000000108,30.0100000000036,0,50.0300000000108,0,30.0100000000036
34.8770846185379,19.951485657259,19.6526266969921,0,35.0838704906112,19.7766312699545,0,35.143328402519,0,16.4175093304056,50.8659918798428,30.3678755970703,30.3457678590383,0,50.8659941619785,30.3397415879419,0,50.865993153593,0,30.1853424795669,50.045000000002,30.0450000000029,30.0150000000039,0,50.045000000002,30.0150000000039,0,50.045000000002,0,30.0150000000039
28.3978648059287,19.2811229384506,18.6142322596219,0,28.4699942547196,18.6461780396227,0,28.6545798596487,0,16.8354090189211,50.9021664815272,30.4036385048959,30.3584388422613,0,50.9021699374641,30.3358874146301,0,50.9021612976221,0,30.1975605817494,50.0750000000072,30.0750000000043,30.024999999996,0,50.0750000000072,30.024999999996,0,50.0750000000072,0,30.024999999996
27.9712624307465,18.7658901228526,18.6895362664549,0,27.943965346734,18.6765296522297,0,27.9894745875635,0,16.8241901783631,50.9296552498327,30.4315947740518,30.363365481991,0,50.9296592624438,30.3401746918887,0,50.9296502818381,0,30.2083126492786,50.1050000000016,30.1049999999993,30.0350000000024,0,50.1050000000016,30.0350000000024,0,50.1050000000016,0,30.0350000000024
36.9836518221764,20.7757658053951,19.8993912745018,0,36.6845932706677,19.6205735238124,0,37.417998746936,0,16.2427704620949,50.9472051108095,30.4453537313433,30.3675561736771,0,50.9472074626865,30.3478988240615,0,50.9471972410673,0,30.2153459520579,50.1199999999974,30.1199999999988,30.0399999999978,0,50.1199999999974,30.0399999999978,0,50.1199999999974,0,30.0399999999978
29.4716749994132,19.2062089149011,18.7537150444141,0,29.5437225810206,18.8074869331476,0,29.7783330526529,0,16.656057519167,50.9891328294005,30.4846908361423,30.3800071816671,0,50.9891256854653,30.3848320797907,0,50.989130012074,0,30.2484767947879,50.1650000000007,30.1649999999945,30.0549999999942,0,50.1650000000007,30.0549999999942,0,50.1650000000007,0,30.0549999999942
46.1773001697267,21.3038927236158,21.2987159692259,0,46.5825150061777,21.3923983786509,0,46.3691931183067,0,15.4534408931069,51.0197446508347,30.5146275570186,30.3875815894663,0,51.0197401833999,30.3882440630144,0,51.0197399482717,0,30.2585514930638,50.1950000000036,30.1950000000014,30.0650000000012,0,50.1950000000036,30.0650000000012,0,50.1950000000036,0,30.0650000000012
31.2923797456172,20.2734182975808,18.9459455484452,0,31.2675507547923,18.9190189608527,0,31.8936998413264,0,16.7417553808192,51.031289176824,30.5288371808752,30.3902832046939,0,51.0312862082215,30.3894480843782,0,51.0312899451684,0,30.2640545175148,50.210000000008,30.2099999999995,30.0700000000053,0,50.210000000008,30.0700000000053,0,50.210000000008,0,30.0700000000053
34.0107977434841,19.7672526754163,19.6412525428028,0,34.0505056461682,19.6406491130114,0,33.8374118251789,0,16.6821921218374,51.0587148477416,30.5498723175967,30.3791891988556,0,51.058709636215,30.3898207132638,0,51.0587104537094,0,30.2619006233395,50.24,30.2400000000013,30.0800000000014,0,50.24,30.0800000000014,0,50.24,0,30.0800000000014
39.0925642113067,21.3880723691151,19.8874466364968,0,39.2408942431989,19.8326275866397,0,39.4510319144414,0,16.0123349006649,51.0710860999999,30.5673165,30.4003113,0,51.0710821,30.3987790999999,0,51.0710889,0,30.2805609,50.2550000000024,30.2550000000009,30.0850000000017,0,50.2550000000024,30.0850000000017,0,50.2550000000024,0,30.0850000000017
28.3544687200451,18.9261232487895,18.7051081992281,0,28.3204575825895,18.6963221536555,0,28.4566184717871,0,16.8247776025263,51.074825706199,30.5636736492544,30.3979189973096,0,51.0748274436724,30.4046751905616,0,51.0748246132721,0,30.2809594916488,50.2700000000085,30.2700000000017,30.0900000000046,0,50.2700000000085,30.0900000000046,0,50.2700000000085,0,30.0900000000046
28.5907187702952,18.8335822188027,18.8229997858908,0,28.5615648424859,18.8002280384127,0,28.6840020949261,0,16.8293419226049,51.1696610131163,30.6572385798281,30.4211065128901,0,51.1696602894618,30.4253333785618,0,51.16966119403,0,30.3175608774311,50.375,30.375,30.125,0,50.375,30.125,0,50.375,0,30.125
38.5882329121007,20.3541720410227,20.0691452229173,0,38.6530932829106,20.1322905021754,0,38.4776631985284,0,15.9696258280847,51.1012253063726,30.5896836397059,30.4005462622549,0,51.1012277573529,30.4120009191176,0,51.1012244485295,0,30.2905607230392,50.3000000000015,30.3000000000015,30.1000000000003,0,50.3000000000015,30.1000000000003,0,50.3000000000015,0,30.1000000000003
28.682801680508,19.1822509794417,18.7018011269236,0,28.6834264163149,18.7071831449005,0,28.7793879284361,0,16.833354151269,51.5217873612683,31.0179994790487,30.5197433522085,0,51.5217825141561,30.5190244620611,0,51.5217858663644,0,30.4579257531144,50.75,30.75,30.25,0,50.75,30.25,0,50.75,0,30.25
29.8894697215245,19.7581320647824,18.8056591657147,0,29.8591152195683,18.7901202059418,0,30.3180443217061,0,16.7938817119767,51.8904495056245,31.3786475066275,30.6552911263165,0,51.8904488607868,30.6567046105896,0,51.8904478218816,0,30.6163723400444,51.125,31.125,30.375,0,51.125,30.375,0,51.125,0,30.375
32.7094353462086,19.5500849470645,19.1685294830127,0,32.8875506930299,19.2794970489868,0,33.0851549250744,0,16.3157818185328,52.2550005185048,31.7575019011845,30.7766940475641,0,52.255001048532,30.7744580011061,0,52.2550042517399,0,30.7545855993916,51.5,31.5,30.5,0,51.5,30.5,0,51.5,0,30.5
29.9586722686183,19.7835447853799,18.8088960153838,0,30.027574229472,18.83866637283,0,30.418397710147,0,16.8140908505289,52.6254690002641,32.1193497975888,30.8902646308192,0,52.6254664261199,30.8891652952565,0,52.6254627959166,0,30.8757276027457,51.875,31.875,30.625,0,51.875,30.625,0,51.875,0,30.625
29.5595811311306,20.2388703377855,18.6303867680393,0,29.764271523487,18.7010510237664,0,30.2401923232526,0,16.8767201023651,52.9931794999999,32.4993421,31.0050363,0,52.9931786999999,31.0057999,0,52.9931822999999,0,30.9981751,52.25,32.25,30.75,0,52.25,30.75,0,52.25,0,30.75
28.7447963321496,19.1761558533011,18.7131109302073,0,28.8616475114552,18.7863993076517,0,29.0118188928759,0,16.8329313305669,54.1256662758787,33.6297475420319,31.3807599317896,0,54.1256660094323,31.3798624603659,0,54.1256582824866,0,31.3784052116915,53.375,33.375,31.125,0,53.375,31.125,0,53.375,0,31.125
32.3927935069864,19.8176791363978,19.1635461506394,0,32.512989716584,19.2426444706177,0,32.8034421833896,0,16.4927255605868,54.4981511696992,34.0063051986632,31.4948109543261,0,54.4981516895655,31.4953419606388,0,54.4981453026364,0,31.4942064983291,53.75,33.75,31.25,0,53.75,31.25,0,53.75,0,31.25
33.085359501923,19.5448162573538,19.5427420468398,0,33.0619755545941,19.5717075173537,0,33.1963807253187,0,16.7183407006412,53.7434490589939,33.2443596634093,31.2535070575462,0,53.743448335143,31.2535565508506,0,53.7434382012306,0,31.2502327180601,53,33,31,0,53,31,0,53,0,31
29.650917212403,19.5497493553428,18.804657878414,0,29.6871870924609,18.813101337214,0,30.0876677897596,0,16.798211176995,54.8693547641408,34.3677514026344,31.62552182812,0,54.8693542343905,31.625453105059,0,54.869362180645,0,31.6250345782464,54.125,34.125,31.375,0,54.125,31.375,0,54.125,0,31.375
29.4879314190939,19.7668615933026,18.7351920126085,0,29.5108850374815,18.7155968696497,0,29.8519874249785,0,16.8113503345318,55.9996443620401,35.5093296352354,31.9973189798699,0,55.9996442712273,31.9978922506433,0,55.9996417890114,0,31.9973139851673,55.25,35.25,31.75,0,55.25,31.75,0,55.25,0,31.75
28.7362198331308,20.0355506105907,18.4974556173535,0,28.8055568629891,18.5209969475699,0,29.376978107216,0,16.8649580289335,56.3737389999999,35.88191848,32.12061104,0,56.3737387999998,32.12056952,0,56.3737412399999,0,32.12054352,55.625,35.625,31.875,0,55.625,31.875,0,55.625,0,31.875
41.3978492294907,20.775356240183,20.7294197182403,0,41.5280549040187,20.875227910761,0,41.5246398856894,0,16.0771356027523,56.7303597917699,36.2256021318791,32.240223847298,0,56.7303598909271,32.2402430837878,0,56.7303542389687,0,32.2402004462072,56,36,32,0,56,32,0,56,0,32
29.4709631810672,19.6180443890455,18.7820157896557,0,29.5928453497645,18.8059134821318,0,29.8918334621577,0,16.8380125196259,58.3460864365729,32.8508476385105,32.8384215864365,0,58.3460890856797,32.8350037087496,0,58.3460854904633,0,32.6765375794732,57.5150000000102,32.5150000000073,32.5050000000033,0,57.5150000000102,32.5050000000033,0,57.5150000000102,0,32.5050000000033
35.0426125218598,19.8090028076578,19.6920472883051,0,35.2058971751705,19.737957228719,0,35.036939504881,0,16.3683904698388,58.3740591646616,32.8734091554074,32.8430457153433,0,58.3740594731323,32.8450794003332,0,58.3740558948733,0,32.6872750323894,57.5450000000022,32.5450000000021,32.5150000000031,0,57.5450000000022,32.5150000000031,0,57.5450000000022,0,32.5150000000031
28.072890716844,19.526470905595,18.4660400409955,0,28.2019943994359,18.5623103287075,0,28.5905328557381,0,16.8559509152059,58.3981319635671,32.8981226788109,32.8476314693215,0,58.398135282073,32.843696038975,0,58.3981340111558,0,32.6965537315541,57.5750000000063,32.5750000000058,32.5249999999999,0,57.5750000000063,32.5249999999999,0,57.5750000000063,0,32.5249999999999
32.2954894521034,19.8874525321079,19.1777008370894,0,32.2748687622756,19.1391942505566,0,32.6578169815575,0,16.5393771565937,58.4104898431575,32.9233438160993,32.8615936464861,0,58.4104905216107,32.849593207487,0,58.4104963882349,0,32.7133557488925,57.59000000001,32.589999999998,32.53,0,57.59000000001,32.53,0,57.59000000001,0,32.53
29.6661037113878,19.4934489256451,18.8206628990621,0,29.7999091078461,18.8760445221856,0,29.8846656477659,0,16.814627182497,58.4397443914241,32.9335152102594,32.8564304105776,0,58.4397413096068,32.8618605726214,0,58.4397470424496,0,32.7136817940815,57.619999999996,32.6199999999965,32.539999999998,0,57.619999999996,32.539999999998,0,57.619999999996,0,32.539999999998
30.2525411406004,19.3456385391649,18.9665300200268,0,30.2989600636152,18.9510580238906,0,30.4890648747203,0,16.6830959763042,58.4539357372313,32.9432192537799,32.8601520291179,0,58.4539338805219,32.8632198137397,0,58.4539375349973,0,32.717554669771,57.635000000007,32.6350000000052,32.5449999999993,0,57.635000000007,32.5449999999993,0,57.635000000007,0,32.5449999999993
31.5639868741231,20.0054633486259,19.1109891548054,0,31.5041146578417,19.06917582664,0,32.0045648875236,0,16.7697826803769,58.4641035999998,32.9558436000001,32.8582718,0,58.4641015999998,32.8606982,0,58.4641043999997,0,32.7192222,57.6500000000046,32.6499999999962,32.5499999999966,0,57.6500000000046,32.5499999999966,0,57.6500000000046,0,32.5499999999966
28.929076288229,19.5887770952355,18.6699263267149,0,28.9418410096147,18.6683202977477,0,29.2819450984745,0,16.8446463024819,58.4897264560099,32.9903493649319,32.8634398234201,0,58.4897235130111,32.8668616790582,0,58.4897215768277,0,32.7338394516728,57.6799999999949,32.6799999999964,32.5599999999984,0,57.6799999999949,32.5599999999984,0,57.6799999999949,0,32.5599999999984
28.7725240975522,18.9136505578637,18.8052142908744,0,28.9105819324982,18.8785378170907,0,28.9671950666442,0,16.8050831364086,58.5006479056283,33.0044441667499,32.864721183645,0,58.5006466060182,32.8660806757973,0,58.5006417074878,0,32.7385877236829,57.6950000000045,32.6950000000026,32.5650000000014,0,57.6950000000045,32.5650000000014,0,57.6950000000045,0,32.5650000000014
34.1133533288862,20.4228234796003,19.5629136046788,0,34.240038626545,19.6486087321043,0,34.5399721079302,0,16.7795271613655,58.5207459254645,33.0019319526627,32.874834060002,0,58.5207460292743,32.8907286930344,0,58.5207495588082,0,32.7480966988477,57.7099999999996,32.7100000000019,32.5700000000024,0,57.7099999999996,32.5700000000024,0,57.7099999999996,0,32.5700000000024
32.1701314519639,19.6535165475166,19.2044076549045,0,32.419096826555,19.3173710772589,0,32.5607998604351,0,16.5109422581385,58.5312365395191,33.0185747887817,32.8753632705093,0,58.5312387391891,32.8954714542818,0,58.5312415387691,0,32.7557276158576,57.7249999999954,32.7250000000038,32.5750000000034,0,57.7249999999954,32.5750000000034,0,57.7249999999954,0,32.5750000000034
28.6127313659652,19.0796975331349,18.7231536171266,0,28.5634708728078,18.7104060954187,0,28.7279621554651,0,16.8326087422202,58.5597334692871,33.0636063836361,32.8929187059696,0,58.5597315226796,32.8923960573477,0,58.559740483253,0,32.7740646706217,57.7399999999931,32.739999999995,32.5799999999999,0,57.7399999999931,32.5799999999999,0,57.7399999999931,0,32.5799999999999
46.1786509134043,20.6990186076179,21.0753735230611,0,46.2658187700392,21.0148097248977,0,47.0219639385229,0,14.7204080966285,58.5709224113871,33.0782066703879,32.8956864359475,0,58.5709228300307,32.8958714764164,0,58.5709302260676,0,32.7806791794586,57.7550000000019,32.7549999999998,32.5850000000004,0,57.7550000000019,32.5850000000004,0,57.7550000000019,0,32.5850000000004
32.8479112239427,20.0639026407707,19.2355200165018,0,32.8862363494165,19.2859955862475,0,33.3594637277277,0,16.5615281073361,58.5853075953354,33.0934872360542,32.9013611373744,0,58.5853047589031,32.9012454039289,0,58.5853142837132,0,32.7891823370802,57.7700000000076,32.7699999999991,32.5900000000014,0,57.7700000000076,32.5900000000014,0,57.7700000000076,0,32.5900000000014
30.4406575361755,19.878655069331,18.9323793250914,0,30.5675718771794,18.9666459490771,0,30.8906700361842,0,16.8461070413063,58.5955146000001,33.0948038,32.9012214,0,58.5955102,32.8958522,0,58.5955064,0,32.7847062,57.7850000000004,32.7850000000028,32.595000000001,0,57.7850000000004,32.595000000001,0,57.7850000000004,0,32.595000000001
27.7116831452439,18.9503967792955,18.5619216919222,0,27.6737478680676,18.5497641321015,0,27.9291758010917,0,16.8310487442538,58.6763813584634,33.1777535619344,32.9217524866334,0,58.676376639087,32.9203527435108,0,58.6763763403924,0,32.8197992323546,57.875,32.875,32.625,0,57.875,32.625,0,57.875,0,32.625
28.5871286021697,18.8795678666765,18.8091473571145,0,28.5862922122293,18.7902069604719,0,28.7609700153292,0,16.818970629651,59.025503152876,33.524130921255,33.0155276068901,0,59.0255046524146,33.0209774684711,0,59.0255073438941,0,32.95616971701,58.25,33.25,32.75,0,58.25,32.75,0,58.25,0,32.75
31.8969538958153,19.4095718272992,19.373835270895,0,31.840942056222,19.346890431273,0,32.1358402514015,0,16.768325625438,59.3983100089565,33.9057380206001,33.1428652037618,0,59.3983147111508,33.142763210927,0,59.3983118002686,0,33.1087795566502,58.625,33.625,32.875,0,58.625,32.875,0,58.625,0,32.875
31.5934562456519,19.3006600658185,19.2756805656131,0,31.6758803073467,19.35294258024,0,31.6984520381807,0,16.7360279754191,59.7579002626971,34.2633477232925,33.2624065674255,0,59.7579021891419,33.2602794220665,0,59.7578943082312,0,33.2395960595446,59,34,33,0,59,33,0,59,0,33
32.2276710989253,19.6316487086466,19.1887187337512,0,32.3734428628092,19.3459690424709,0,32.6177279842732,0,16.5489178672239,61.6305437964595,36.1298305617289,33.8878504099933,0,61.6305443712162,33.8866036094721,0,61.6305411525788,0,33.8847765346005,60.875,35.875,33.625,0,60.875,33.625,0,60.875,0,33.625
32.2592633263761,20.5497274443091,18.9422320104125,0,32.3928895802636,18.9732087456747,0,32.8874815905928,0,16.5658967128498,62.0026729212289,36.4975070840799,34.0126423286218,0,62.0026731203131,34.0114540281373,0,62.0026772347202,0,34.0103895580331,61.25,36.25,33.75,0,61.25,33.75,0,61.25,0,33.75
34.1726461515415,19.9708122261727,19.4983176709594,0,34.2949197679597,19.5357860887469,0,34.5733330969404,0,16.3713165365413,62.3760046430645,36.8717924959885,34.1337263664608,0,62.376004540644,34.1324735242909,0,62.3760082277833,0,34.132213854085,61.625,36.625,33.875,0,61.625,33.875,0,61.625,0,33.875
29.6571702680929,19.9545578536714,18.7544982743355,0,29.7322241560562,18.7812501310229,0,30.2697838953559,0,16.8685700905189,63.5138953928048,38.015660811307,34.5100900330396,0,63.5138957966227,34.5101849302496,0,63.5139054515419,0,34.5095114353891,62.75,37.75,34.25,0,62.75,34.25,0,62.75,0,34.25
36.5746696163205,19.9635604740725,19.9145699240453,0,36.5142806302631,19.7569976582261,0,36.6158988326265,0,16.1032397241288,63.891310496734,38.3953722466961,34.6372413793104,0,63.891310496734,34.6375043293332,0,63.8913221175756,0,34.6372413793104,63.125,38.125,34.375,0,63.125,34.375,0,63.125,0,34.375
27.9020036857819,19.1413070531024,18.5578989409454,0,27.895387363703,18.5708221582812,0,28.1651786275379,0,16.8467751430952,64.2655185820556,38.7681204645514,34.7596744344922,0,64.2655185820556,34.7599372248368,0,64.2655289357825,0,34.7596744344922,63.5,38.5,34.5,0,63.5,34.5,0,63.5,0,34.5
33.9940583715274,19.8431773116673,19.6255749621613,0,34.1407263800412,19.6750509369969,0,34.1541365302559,0,16.6854872984954,65.836120486193,35.3417952560775,35.3359155062544,0,65.8361125796552,35.3206935331602,0,65.8361314609392,0,35.1664282511211,65.0150000000036,35.0149999999995,35.0050000000008,0,65.0150000000036,35.0050000000008,0,65.0150000000036,0,35.0050000000008
30.7976516065313,19.7420364770507,18.8850346263598,0,30.9163726092202,18.9752832922587,0,31.2275181043892,0,16.6186971683463,65.8822606830693,35.3924689057947,35.3538533020395,0,65.8822601327293,35.3460219002914,0,65.8822647296863,0,35.1999430074458,65.0600000000105,35.0599999999979,35.0200000000018,0,65.0600000000105,35.0200000000018,0,65.0600000000105,0,35.0200000000018
29.1941675822781,19.5941104323405,18.7228405167575,0,29.2046646223181,18.7206542579778,0,29.5191031899712,0,16.8431340702757,65.9070535999999,35.4178508,35.35813,0,65.9070491999999,35.3522462,0,65.9070551999999,0,35.2106696,65.0900000000025,35.0899999999972,35.029999999999,0,65.0900000000025,35.029999999999,0,65.0900000000025,0,35.029999999999
37.2951441137021,20.2852137769708,20.2873506289801,0,37.6337351413497,20.284807468356,0,37.6141811692632,0,16.6034946012307,65.9991458910434,35.4977031394275,35.3786698984303,0,65.9991574330563,35.3731015697138,0,65.9991592797784,0,35.2415420129271,65.1800000000002,35.1800000000002,35.0600000000004,0,65.1800000000002,35.0600000000004,0,65.1800000000002,0,35.0600000000004
27.1935251485697,18.6303070417646,18.5104915657832,0,27.148436283088,18.50329904592,0,27.118116298871,0,16.8110083597613,66.0154245488677,35.509683117355,35.3743765895604,0,66.0154241855396,35.3774252755238,0,66.0154141334626,0,35.2446257115175,65.1950000000043,35.1950000000021,35.0650000000013,0,65.1950000000043,35.0650000000013,0,65.1950000000043,0,35.0650000000013
29.2928857618365,19.6336484504659,18.7325763403926,0,29.3717961488725,18.7502065623641,0,29.6747172193077,0,16.8555799262829,66.0172984041916,35.5240549934009,35.3892926848778,0,66.0172956045275,35.3860086389633,0,66.0173008039035,0,35.2639333280007,65.2100000000075,35.2099999999999,35.0700000000054,0,65.2100000000075,35.0700000000054,0,65.2100000000075,0,35.0700000000054
29.3219300789277,18.9945080817101,18.8843674896527,0,29.4473139643525,18.9726371817681,0,29.5410218545398,0,16.7945655593362,66.035657740687,35.5247471456215,35.3840773343009,0,66.0356566279632,35.3841470488631,0,66.0356592888244,0,35.2558534833091,65.2249999999927,35.225000000004,35.0750000000042,0,65.2249999999927,35.0750000000042,0,65.2249999999927,0,35.0750000000042
35.692970619256,20.2332903979852,19.7114101469007,0,35.5630988185328,19.6191850542208,0,35.8741341394758,0,16.3005955082194,66.044218212661,35.5322410363173,35.3795260235948,0,66.044218135554,35.3781906854808,0,66.0442209885111,0,35.2528576605752,65.2399999999961,35.2400000000007,35.0799999999996,0,65.2399999999961,35.0799999999996,0,65.2399999999961,0,35.0799999999996
37.4725815482563,20.2561947107102,20.2771156255681,0,37.5287340587098,20.3684283900933,0,37.7438256510999,0,16.6474845382863,66.069283556173,35.5603599583261,35.3939246396944,0,66.0692799097066,35.3925077270359,0,66.0692911963883,0,35.2704351449905,65.2550000000016,35.254999999999,35.0849999999994,0,65.2550000000016,35.0849999999994,0,65.2550000000016,0,35.0849999999994
31.3457320485771,19.2102226297106,19.1803284624708,0,31.4954472209073,19.2296970491508,0,31.5465793139664,0,16.5941273198015,66.1907505152708,35.6851698519768,35.4405126475547,0,66.1907528574106,35.4512630691399,0,66.1907462057336,0,35.3417465804759,65.375,35.375,35.125,0,65.375,35.125,0,65.375,0,35.125
32.6375672264876,20.0528517011368,19.1527418047799,0,32.5869527419751,19.1634457688143,0,32.8854282765223,0,16.5409507292437,66.1123907999999,35.6037284,35.4080726,0,66.1123939999999,35.416948,0,66.1123896,0,35.2974268,65.2999999999938,35.2999999999945,35.1000000000013,0,65.2999999999938,35.1000000000013,0,65.2999999999938,0,35.1000000000013
36.7777229248183,20.230804116677,20.1360379408598,0,36.8475158716568,20.2401221717906,0,36.8885742937052,0,16.6642000343887,66.8804844006568,36.3635323481116,35.6347497536946,0,66.8804798029556,35.6411100164204,0,66.8804712643678,0,35.597088998358,66.125,36.125,35.375,0,66.125,35.375,0,66.125,0,35.375
38.6415415942482,19.9689082976136,20.0002005095137,0,38.9315263775013,20.1080890397745,0,39.1640467647475,0,15.5748044726083,67.6233275832981,37.1270309152256,35.8783343315056,0,67.6233264867144,35.8815291859974,0,67.6233270771826,0,35.8658885280472,66.875,36.875,35.625,0,66.875,35.625,0,66.875,0,35.625
29.0718985035016,19.2078298495685,18.7799462528516,0,29.1689801604421,18.8377311457783,0,29.3330079290427,0,16.809265135377,69.8668866772225,39.3560146573173,36.6215600542862,0,69.8668865415066,36.6218224836009,0,69.8668729699165,0,36.6205887355801,69.125,39.125,36.375,0,69.125,36.375,0,69.125,0,36.375
28.2632215087622,19.6382333431295,18.5242965264939,0,28.3113248502684,18.5310958616013,0,28.8343345901676,0,16.8608355977214,70.2578991253365,39.7716771914648,36.7534303633217,0,70.2578992214534,36.753738081507,0,70.2578914359862,0,36.7532951268742,69.5,39.5,36.5,0,69.5,36.5,0,69.5,0,36.5
32.1457722952016,19.8162848136186,19.2599593533052,0,32.2365961215502,19.2758193036047,0,32.3798172300052,0,16.753766284567,71.0063359838988,40.5062759337468,37.0030108552197,0,71.0063357859312,37.0029675003299,0,71.0063571664248,0,37.002830572786,70.25,40.25,36.75,0,70.25,36.75,0,70.25,0,36.75
31.5705831002266,19.9352956658449,19.0406821728593,0,31.6491150599404,19.0987782850912,0,31.9911306011138,0,16.6691940422628,71.3831649540076,40.8884917871222,37.1251145992115,0,71.3831649540076,37.1249994086728,0,71.3831867674108,0,37.1249530486202,70.625,40.625,36.875,0,70.625,36.875,0,70.625,0,36.875
27.495239503093,19.1022715712358,18.4794093408596,0,27.493827962791,18.4665137815951,0,27.8090075435239,0,16.8318271746719,71.7555136375561,41.2600573564124,37.2492635982165,0,71.7555136375561,37.2491358772619,0,71.7555353002887,0,37.2490844741672,71,41,37,0,71,37,0,71,0,37
28.8194234423371,18.8569691507704,18.8372383122513,0,28.8121635252167,18.8399068488005,0,28.8924793536346,0,16.8117169838924,80.8439634,40.3456918,40.3378758,0,80.8439582000001,40.3415108,0,80.8439566000001,0,40.1752172,80.0150000000068,40.0149999999999,40.0050000000018,0,80.0150000000068,40.0050000000018,0,80.0150000000068,0,40.0050000000018
27.9693701175588,20.5625532651279,18.2391857155864,0,28.0374952813982,18.2506332665024,0,29.0217101673044,0,16.9254205394917,80.8913954,40.4017926,40.352688,0,80.8914,40.3516518000001,0,80.8914002,0,40.201449,80.0599999999984,40.0599999999991,40.0199999999988,0,80.0599999999984,40.0199999999988,0,80.0599999999984,0,40.0199999999988
39.8599458583981,22.5817563606642,19.9802763557728,0,39.3934799903735,19.8405045987727,0,40.5959145529105,0,16.4925680133808,80.8855763,40.3770107,40.3458345,0,80.8855701,40.3332803,0,80.8855681,0,40.1842435,80.0749999999982,40.0749999999988,40.0250000000009,0,80.0749999999982,40.0250000000009,0,80.0749999999982,0,40.0250000000009
43.2780321895131,20.8482646140096,20.8117745382396,0,43.1930169521883,20.9891760604679,0,43.1833756677194,0,15.795572545654,80.9161929189817,40.4232710944566,40.3656737304562,0,80.9161909807468,40.3730060731361,0,80.9161921436879,0,40.2245755265538,80.0899999999971,40.0899999999977,40.0299999999991,0,80.0899999999971,40.0299999999991,0,80.0899999999971,0,40.0299999999991
30.5138035102088,20.5189767866085,18.7081266440672,0,30.6349583612488,18.790382208822,0,31.1458641904332,0,16.8621390983814,80.9489618694111,40.4365680782858,40.3380821663573,0,80.9489568078285,40.3557710477476,0,80.9489623755694,0,40.2023659524211,80.1349999999997,40.1349999999996,40.0449999999986,0,80.1349999999997,40.0449999999986,0,80.1349999999997,0,40.0449999999986
27.5203366667438,19.0956033822072,18.4611415278348,0,27.7144442220249,18.5536607905578,0,27.9641482027321,0,16.8515033045988,80.9651281680441,40.4667693526171,40.3650430440772,0,80.9651243112948,40.3725727961433,0,80.9651292699725,0,40.2332387741047,80.1499999999965,40.1499999999988,40.0500000000017,0,80.1499999999965,40.0500000000017,0,80.1499999999965,0,40.0500000000017
46.1700040460492,21.0427698817123,21.2323586713831,0,46.2565274639693,21.2806116105459,0,46.3729656386043,0,15.3133040094292,80.9983925,40.5031493,40.3829511,0,80.9984039,40.3834599,0,80.9983871,0,40.2541675,80.1799999999966,40.1800000000001,40.0599999999991,0,80.1799999999966,40.0599999999991,0,80.1799999999966,0,40.0599999999991
38.1017311807308,20.6216265996311,20.6051549508934,0,37.6579694882352,20.0008093024419,0,37.1265354985753,0,16.654302526898,81.0216568509615,40.5140126201923,40.3930348557692,0,81.0216514423077,40.383365985577,0,81.0216664663461,0,40.2568972355769,80.1949999999997,40.1949999999998,40.0649999999998,0,80.1949999999997,40.0649999999998,0,80.1949999999997,0,40.0649999999998
37.7829458328564,20.4725314803757,20.107044392716,0,37.5485200967303,20.2352779065427,0,37.3983752915603,0,16.6312513243965,81.0267958129418,40.5210812941816,40.3823064165307,0,81.0267751495378,40.3875190320827,0,81.0267898314301,0,40.2570845568244,80.2099999999993,40.2099999999994,40.0699999999998,0,80.2099999999993,40.0699999999998,0,80.2099999999993,0,40.0699999999998
31.6015686914618,21.3205249208872,18.7511887433007,0,31.9827070019784,18.8678761693581,0,32.7216581694682,0,16.8783898594745,81.0520426,40.5428236,40.3923886,0,81.0520494,40.399498,0,81.0520522,0,40.271947,80.2400000000021,40.2399999999995,40.0800000000013,0,80.2400000000021,40.0800000000013,0,80.2400000000021,0,40.0800000000013
27.8666420462925,18.6782994384728,18.7600247310174,0,27.8581075215053,18.7214063570106,0,28.0042690710054,0,16.8560382891745,81.0724641,40.5773387,40.4129647,0,81.0724686999999,40.4158701,0,81.0724612999999,0,40.2979663,80.2550000000018,40.254999999999,40.0849999999994,0,80.2550000000018,40.0849999999994,0,80.2550000000018,0,40.0849999999994
39.0685177147501,20.5706893430713,20.2779130034965,0,37.8927795991238,20.0419006121479,0,38.5477739999815,0,16.6622551611029,81.0918267326733,40.5485,40.3843811881188,0,81.0918465346535,40.4250544554455,0,81.0918564356436,0,40.2783118811881,80.27,40.27,40.09,0,80.27,40.09,0,80.27,0,40.09
